{"stats":{"minecraft:dropped":{"minecraft:repeating_command_block":1,"minecraft:oak_log":130,"minecraft:barrier":4,"minecraft:light_gray_concrete":303,"minecraft:paper":1},"minecraft:picked_up":{"minecraft:barrier":4,"minecraft:orange_carpet":3,"minecraft:oak_log":178,"minecraft:stone_button":1,"minecraft:green_carpet":3,"minecraft:brown_carpet":16,"minecraft:light_gray_concrete":303,"minecraft:item_frame":3,"minecraft:white_carpet":1,"minecraft:repeating_command_block":1,"minecraft:lime_carpet":1,"minecraft:yellow_carpet":2,"minecraft:gray_carpet":1,"minecraft:stone_axe":1,"minecraft:light_gray_carpet":2,"minecraft:chorus_fruit":1},"minecraft:used":{"minecraft:oak_log":3,"minecraft:black_concrete":2480,"minecraft:end_stone_bricks":52,"minecraft:amethyst_block":1,"minecraft:dropper":1,"minecraft:red_wool":9,"minecraft:snow_block":1238,"minecraft:orange_concrete":17,"minecraft:command_block":10,"minecraft:lime_carpet":140,"minecraft:light_gray_concrete":1581,"minecraft:red_concrete":154,"minecraft:grass_block":21,"minecraft:gray_carpet":152,"minecraft:barrier":611,"minecraft:stone_button":2,"minecraft:light_gray_carpet":486,"minecraft:white_glazed_terracotta":3,"minecraft:brown_concrete":60,"minecraft:structure_void":5,"minecraft:pink_concrete":132,"minecraft:repeater":29,"minecraft:purple_concrete":19,"minecraft:green_carpet":160,"minecraft:anvil":1,"minecraft:yellow_wool":23,"minecraft:item_frame":1,"minecraft:green_terracotta":1,"minecraft:sand":9,"minecraft:light_gray_wool":88,"minecraft:red_carpet":15,"minecraft:orange_carpet":20,"minecraft:lime_concrete":34,"minecraft:brown_carpet":92,"minecraft:white_carpet":206,"minecraft:emerald_block":20,"minecraft:chorus_flower":11,"minecraft:red_bed":1,"minecraft:orange_glazed_terracotta":3,"minecraft:gold_block":9,"minecraft:white_stained_glass":556,"minecraft:orange_wool":4,"minecraft:yellow_concrete":42,"minecraft:magenta_glazed_terracotta":5,"minecraft:repeating_command_block":14,"minecraft:yellow_carpet":32,"minecraft:gray_concrete":749,"minecraft:note_block":25,"minecraft:white_concrete":4089,"minecraft:lingering_potion":7,"minecraft:end_stone":813,"minecraft:chorus_plant":79,"minecraft:blue_concrete":28},"minecraft:custom":{"minecraft:time_since_rest":111528,"minecraft:sprint_one_cm":164245,"minecraft:inspect_dropper":1,"minecraft:damage_taken":3600,"minecraft:walk_one_cm":1087502,"minecraft:interact_with_anvil":1,"minecraft:drop":439,"minecraft:tune_noteblock":82,"minecraft:fly_one_cm":6687573,"minecraft:crouch_one_cm":39378,"minecraft:play_time":1518511,"minecraft:deaths":6,"minecraft:sneak_time":28404,"minecraft:jump":1318,"minecraft:leave_game":22,"minecraft:time_since_death":111485,"minecraft:total_world_time":2803888,"minecraft:fall_one_cm":40682}},"DataVersion":2865}