{"stats":{"minecraft:dropped":{"minecraft:repeating_command_block":1,"minecraft:oak_log":127,"minecraft:barrier":4,"minecraft:light_gray_concrete":303,"minecraft:paper":1},"minecraft:custom":{"minecraft:time_since_rest":34090,"minecraft:sprint_one_cm":154040,"minecraft:inspect_dropper":1,"minecraft:damage_taken":3210,"minecraft:walk_one_cm":1029622,"minecraft:interact_with_anvil":1,"minecraft:drop":436,"minecraft:tune_noteblock":82,"minecraft:fly_one_cm":5470866,"minecraft:crouch_one_cm":37666,"minecraft:play_time":1406461,"minecraft:deaths":5,"minecraft:sneak_time":26388,"minecraft:jump":1160,"minecraft:leave_game":20,"minecraft:time_since_death":34062,"minecraft:total_world_time":2573363,"minecraft:fall_one_cm":36102},"minecraft:used":{"minecraft:black_concrete":2349,"minecraft:end_stone_bricks":52,"minecraft:command_block":10,"minecraft:dropper":1,"minecraft:lime_carpet":140,"minecraft:orange_concrete":17,"minecraft:snow_block":1209,"minecraft:red_wool":4,"minecraft:light_gray_concrete":1565,"minecraft:red_concrete":154,"minecraft:grass_block":21,"minecraft:gray_carpet":138,"minecraft:barrier":596,"minecraft:stone_button":2,"minecraft:light_gray_carpet":418,"minecraft:white_glazed_terracotta":3,"minecraft:brown_concrete":60,"minecraft:structure_void":5,"minecraft:pink_concrete":132,"minecraft:item_frame":1,"minecraft:sand":9,"minecraft:repeater":29,"minecraft:green_terracotta":1,"minecraft:purple_concrete":19,"minecraft:green_carpet":160,"minecraft:red_carpet":15,"minecraft:anvil":1,"minecraft:orange_carpet":19,"minecraft:lime_concrete":34,"minecraft:brown_carpet":92,"minecraft:white_carpet":186,"minecraft:emerald_block":20,"minecraft:chorus_flower":8,"minecraft:red_bed":1,"minecraft:orange_glazed_terracotta":3,"minecraft:white_stained_glass":556,"minecraft:yellow_concrete":42,"minecraft:gold_block":9,"minecraft:magenta_glazed_terracotta":5,"minecraft:repeating_command_block":14,"minecraft:yellow_carpet":24,"minecraft:gray_concrete":749,"minecraft:note_block":25,"minecraft:white_concrete":4025,"minecraft:lingering_potion":7,"minecraft:end_stone":813,"minecraft:chorus_plant":43,"minecraft:blue_concrete":28},"minecraft:picked_up":{"minecraft:barrier":4,"minecraft:orange_carpet":2,"minecraft:oak_log":177,"minecraft:stone_button":1,"minecraft:green_carpet":3,"minecraft:brown_carpet":16,"minecraft:light_gray_concrete":303,"minecraft:item_frame":3,"minecraft:white_carpet":1,"minecraft:repeating_command_block":1,"minecraft:lime_carpet":1,"minecraft:gray_carpet":1,"minecraft:stone_axe":1,"minecraft:light_gray_carpet":1,"minecraft:chorus_fruit":1}},"DataVersion":2865}