{"stats":{"minecraft:custom":{"minecraft:inspect_dropper":55,"minecraft:interact_with_anvil":26,"minecraft:inspect_hopper":31,"minecraft:interact_with_crafting_table":5,"minecraft:tune_noteblock":8,"minecraft:open_barrel":7,"minecraft:play_one_minute":1010987,"minecraft:bell_ring":2,"minecraft:leave_game":31,"minecraft:time_since_death":1010987,"minecraft:climb_one_cm":1668,"minecraft:damage_resisted":50,"minecraft:time_since_rest":1010987,"minecraft:sprint_one_cm":386111,"minecraft:walk_one_cm":776857,"minecraft:drop":157,"minecraft:minecart_one_cm":732,"minecraft:interact_with_beacon":1,"minecraft:fly_one_cm":4638909,"minecraft:open_chest":120,"minecraft:crouch_one_cm":25243,"minecraft:sneak_time":26183,"minecraft:interact_with_lectern":21,"minecraft:jump":3240,"minecraft:walk_on_water_one_cm":962,"minecraft:fall_one_cm":1654},"minecraft:crafted":{"minecraft:shield":1},"minecraft:dropped":{"minecraft:piston":130,"minecraft:lever":1,"minecraft:oak_sign":7,"minecraft:dried_kelp_block":1,"minecraft:stone":1,"minecraft:white_concrete":1,"minecraft:sugar":16},"minecraft:picked_up":{"minecraft:repeater":1,"minecraft:shield":1,"minecraft:paper":2,"minecraft:lantern":1,"minecraft:item_frame":1,"minecraft:glass":1,"minecraft:oak_sign":17,"minecraft:bell":368,"minecraft:iron_ingot":8,"minecraft:chest":1,"minecraft:oak_planks":61,"minecraft:piston":59,"minecraft:egg":27,"minecraft:scaffolding":17,"minecraft:milk_bucket":3,"minecraft:stone":1,"minecraft:stone_button":7,"minecraft:redstone":3,"minecraft:dried_kelp_block":1,"minecraft:sugar":11,"minecraft:lever":22,"minecraft:writable_book":1,"minecraft:oak_button":2},"minecraft:used":{"minecraft:crimson_stem":41,"minecraft:chiseled_polished_blackstone":1,"minecraft:water_bucket":2,"minecraft:mossy_stone_bricks":17,"minecraft:jack_o_lantern":150,"minecraft:warped_stem":4,"minecraft:writable_book":60,"minecraft:iron_bars":72,"minecraft:birch_planks":4,"minecraft:lodestone":17,"minecraft:acacia_log":49,"minecraft:dropper":4,"minecraft:snow_block":1,"minecraft:melon":791,"minecraft:cut_red_sandstone_slab":67,"minecraft:armor_stand":18,"minecraft:smooth_quartz_slab":43,"minecraft:powered_rail":6,"minecraft:red_concrete":24,"minecraft:polished_andesite":82,"minecraft:acacia_trapdoor":4,"minecraft:redstone":141,"minecraft:lime_wool":49,"minecraft:oak_planks":44,"minecraft:oak_sign":233,"minecraft:spruce_planks":4,"minecraft:chest":36,"minecraft:stone":2217,"minecraft:red_mushroom_block":1,"minecraft:redstone_block":51,"minecraft:spruce_sign":2,"minecraft:beacon":2,"minecraft:cracked_stone_bricks":14,"minecraft:dried_kelp_block":32,"minecraft:stripped_crimson_stem":66,"minecraft:polished_blackstone_bricks":6,"minecraft:smooth_quartz_stairs":22,"minecraft:soul_campfire":3,"minecraft:white_wool":204,"minecraft:torch":2,"minecraft:respawn_anchor":1,"minecraft:dark_oak_trapdoor":6,"minecraft:dirt":28,"minecraft:anvil":5,"minecraft:comparator":2,"minecraft:vine":26,"minecraft:crafting_table":3,"minecraft:hopper":9,"minecraft:jungle_planks":4,"minecraft:light_blue_wool":94,"minecraft:cobblestone_wall":2,"minecraft:orange_wool":36,"minecraft:note_block":27,"minecraft:piston":5,"minecraft:painting":30,"minecraft:spruce_log":2,"minecraft:blue_concrete":37,"minecraft:light_blue_stained_glass":17,"minecraft:warped_planks":15,"minecraft:dark_oak_door":1,"minecraft:dark_oak_planks":4,"minecraft:obsidian":294,"minecraft:glass":7,"minecraft:shroomlight":327,"minecraft:redstone_torch":17,"minecraft:oak_log":41,"minecraft:sticky_piston":40,"minecraft:netherite_block":1,"minecraft:lever":51,"minecraft:honey_block":309,"minecraft:sea_lantern":87,"minecraft:black_concrete":219,"minecraft:chipped_anvil":1,"minecraft:bricks":394,"minecraft:daylight_detector":1,"minecraft:string":5,"minecraft:dark_oak_log":2,"minecraft:command_block":286,"minecraft:red_wool":88,"minecraft:grass_block":99,"minecraft:lantern":55,"minecraft:brown_wool":1,"minecraft:spruce_button":1,"minecraft:oak_button":69,"minecraft:barrier":125,"minecraft:slime_block":53,"minecraft:acacia_slab":50,"minecraft:stone_button":34,"minecraft:jungle_log":2,"minecraft:lectern":64,"minecraft:stone_slab":4,"minecraft:iron_door":23,"minecraft:gravel":17,"minecraft:pink_wool":56,"minecraft:crimson_planks":38,"minecraft:barrel":1,"minecraft:stone_bricks":142,"minecraft:yellow_wool":97,"minecraft:soul_lantern":8,"minecraft:item_frame":15,"minecraft:bedrock":62,"minecraft:stripped_warped_hyphae":36,"minecraft:blue_carpet":2,"minecraft:repeater":26,"minecraft:glowstone":164,"minecraft:redstone_lamp":29,"minecraft:honeycomb_block":372,"minecraft:cobblestone":10,"minecraft:potion":1,"minecraft:scaffolding":96,"minecraft:hay_block":2,"minecraft:iron_trapdoor":2,"minecraft:white_stained_glass_pane":2,"minecraft:birch_log":9,"minecraft:chain_command_block":299,"minecraft:minecart":2,"minecraft:chain":45,"minecraft:glass_pane":46,"minecraft:gold_block":354,"minecraft:repeating_command_block":118,"minecraft:stone_pressure_plate":1,"minecraft:stripped_oak_log":8,"minecraft:white_concrete":1003,"minecraft:acacia_planks":144,"minecraft:observer":3,"minecraft:splash_potion":1,"minecraft:brown_mushroom_block":365,"minecraft:purple_wool":146,"minecraft:large_fern":1}},"DataVersion":2584}