{"stats":{"minecraft:used":{"minecraft:oak_trapdoor":1,"minecraft:purpur_block":79,"minecraft:music_disc_far":1,"minecraft:jungle_leaves":154,"minecraft:writable_book":20,"minecraft:iron_bars":126,"minecraft:acacia_log":25,"minecraft:flint_and_steel":5,"minecraft:smooth_quartz_slab":96,"minecraft:redstone":40,"minecraft:polished_blackstone":2,"minecraft:oak_sign":2,"minecraft:light_blue_terracotta":3,"minecraft:polished_basalt":22,"minecraft:spruce_planks":106,"minecraft:chest":1,"minecraft:stone":45,"minecraft:warped_sign":9,"minecraft:sandstone_wall":62,"minecraft:structure_block":23,"minecraft:netherrack":7,"minecraft:stripped_crimson_stem":58,"minecraft:dried_kelp_block":106,"minecraft:green_terracotta":52,"minecraft:debug_stick":25,"minecraft:orange_stained_glass":3,"minecraft:torch":52,"minecraft:anvil":4,"minecraft:ancient_debris":51,"minecraft:dirt":102,"minecraft:warped_wart_block":199,"minecraft:target":11,"minecraft:blue_stained_glass":24,"minecraft:jungle_planks":308,"minecraft:warped_door":13,"minecraft:yellow_carpet":13,"minecraft:oak_wood":4,"minecraft:bee_nest":30,"minecraft:acacia_button":2,"minecraft:beehive":66,"minecraft:dead_brain_coral_block":3,"minecraft:polished_diorite":38,"minecraft:shroomlight":83,"minecraft:music_disc_mellohi":1,"minecraft:glass":149,"minecraft:stone_brick_slab":24,"minecraft:dark_oak_planks":250,"minecraft:sea_lantern":55,"minecraft:coal_ore":5,"minecraft:bookshelf":85,"minecraft:quartz_pillar":88,"minecraft:music_disc_pigstep":1,"minecraft:lantern":73,"minecraft:grass_block":56,"minecraft:jungle_log":54,"minecraft:slime_block":10,"minecraft:green_wool":407,"minecraft:smooth_sandstone":60,"minecraft:polished_andesite_stairs":8,"minecraft:quartz_block":2,"minecraft:warped_nylium":88,"minecraft:polished_blackstone_brick_stairs":102,"minecraft:smooth_quartz":175,"minecraft:dark_oak_button":3,"minecraft:crimson_planks":54,"minecraft:stone_brick_stairs":153,"minecraft:barrel":34,"minecraft:stone_bricks":316,"minecraft:music_disc_stal":1,"minecraft:basalt":4,"minecraft:repeater":15,"minecraft:redstone_lamp":109,"minecraft:honeycomb_block":176,"minecraft:yellow_glazed_terracotta":19,"minecraft:gold_block":147,"minecraft:acacia_wood":19,"minecraft:trapped_chest":1,"minecraft:end_stone_brick_stairs":6,"minecraft:cooked_beef":8,"minecraft:dark_prismarine_stairs":1,"minecraft:crimson_stem":30,"minecraft:quartz_bricks":133,"minecraft:chiseled_polished_blackstone":7,"minecraft:nether_brick_wall":13,"minecraft:water_bucket":100,"minecraft:mossy_stone_bricks":19,"minecraft:warped_stem":39,"minecraft:damaged_anvil":1,"minecraft:end_rod":12,"minecraft:end_stone_bricks":155,"minecraft:iron_ore":14,"minecraft:dropper":2,"minecraft:lodestone":80,"minecraft:birch_planks":173,"minecraft:red_stained_glass":60,"minecraft:polished_andesite":133,"minecraft:blackstone_stairs":21,"minecraft:oak_planks":358,"minecraft:lime_concrete_powder":1,"minecraft:purple_glazed_terracotta":44,"minecraft:sandstone":60,"minecraft:cut_sandstone":33,"minecraft:composter":8,"minecraft:redstone_block":117,"minecraft:cauldron":4,"minecraft:purpur_pillar":57,"minecraft:gold_ore":4,"minecraft:polished_blackstone_bricks":8,"minecraft:cracked_stone_bricks":26,"minecraft:smooth_quartz_stairs":41,"minecraft:white_wool":97,"minecraft:jungle_wood":4,"minecraft:diamond_block":2,"minecraft:comparator":1,"minecraft:light_blue_concrete":8,"minecraft:tnt":33,"minecraft:loom":44,"minecraft:birch_sign":1,"minecraft:blast_furnace":26,"minecraft:yellow_stained_glass_pane":8,"minecraft:yellow_concrete":240,"minecraft:note_block":14,"minecraft:stone_brick_wall":18,"minecraft:infested_stone_bricks":46,"minecraft:warped_planks":179,"minecraft:music_disc_strad":1,"minecraft:nether_gold_ore":80,"minecraft:redstone_torch":7,"minecraft:oak_log":37,"minecraft:dark_prismarine":295,"minecraft:netherite_block":87,"minecraft:lever":15,"minecraft:green_concrete":216,"minecraft:black_concrete":2773,"minecraft:chiseled_sandstone":18,"minecraft:crying_obsidian":12,"minecraft:light_gray_concrete":2,"minecraft:command_block":99,"minecraft:birch_slab":9,"minecraft:oak_button":15,"minecraft:stone_button":18,"minecraft:lectern":8,"minecraft:stone_slab":11,"minecraft:polished_granite":82,"minecraft:iron_door":16,"minecraft:gravel":36,"minecraft:music_disc_blocks":1,"minecraft:yellow_wool":21,"minecraft:soul_lantern":6,"minecraft:stripped_warped_hyphae":42,"minecraft:chiseled_stone_bricks":11,"minecraft:green_shulker_box":4,"minecraft:cobblestone":24,"minecraft:smithing_table":17,"minecraft:white_stained_glass":20,"minecraft:green_concrete_powder":128,"minecraft:chain_command_block":70,"minecraft:chain":45,"minecraft:magenta_glazed_terracotta":29,"minecraft:repeating_command_block":62,"minecraft:polished_blackstone_button":1,"minecraft:stripped_oak_log":106,"minecraft:white_concrete":34,"minecraft:coarse_dirt":52,"minecraft:smooth_stone":89,"minecraft:jukebox":3,"minecraft:soul_torch":8},"minecraft:dropped":{"minecraft:cooked_beef":286},"minecraft:mined":{"minecraft:white_stained_glass":1},"minecraft:picked_up":{"minecraft:music_disc_strad":1,"minecraft:torch":2,"minecraft:music_disc_mellohi":1,"minecraft:stone_button":2,"minecraft:music_disc_pigstep":1,"minecraft:redstone":2,"minecraft:light_gray_stained_glass_pane":1,"minecraft:warped_door":143,"minecraft:cyan_stained_glass_pane":1,"minecraft:netherite_chestplate":1,"minecraft:cooked_beef":21,"minecraft:iron_door":1,"minecraft:carrot_on_a_stick":1,"minecraft:music_disc_stal":1,"minecraft:netherite_leggings":1,"minecraft:music_disc_far":1,"minecraft:iron_sword":1,"minecraft:gray_stained_glass":3,"minecraft:soul_torch":3,"minecraft:light_blue_stained_glass":5,"minecraft:slime_block":65,"minecraft:lever":1,"minecraft:writable_book":2,"minecraft:bread":15,"minecraft:oak_button":24},"minecraft:custom":{"minecraft:interact_with_smithing_table":3,"minecraft:inspect_dropper":3,"minecraft:interact_with_anvil":7,"minecraft:open_barrel":100,"minecraft:open_shulker_box":2,"minecraft:leave_game":15,"minecraft:time_since_death":771175,"minecraft:damage_resisted":2147483647,"minecraft:sprint_one_cm":685056,"minecraft:walk_one_cm":980727,"minecraft:drop":286,"minecraft:deaths":1,"minecraft:sneak_time":44325,"minecraft:walk_under_water_one_cm":31378,"minecraft:interact_with_lectern":10,"minecraft:jump":4288,"minecraft:interact_with_blast_furnace":3,"minecraft:walk_on_water_one_cm":6205,"minecraft:play_record":6,"minecraft:tune_noteblock":26,"minecraft:play_one_minute":889423,"minecraft:interact_with_loom":9,"minecraft:time_since_rest":771197,"minecraft:damage_taken":420,"minecraft:swim_one_cm":417,"minecraft:fly_one_cm":4032289,"minecraft:open_chest":1,"minecraft:crouch_one_cm":55862,"minecraft:fall_one_cm":26342}},"DataVersion":2580}