{
    "__comment": "Made with TheDestruc7i0n's advancements generator: https://advancements.thedestruc7i0n.ca",
    "display": {
        "title": {
            "text": "Ɩ Ɩǝʌǝ˥"
        },
        "description": {
            "text": "Rise up"
        },
        "icon": {
            "item": "minecraft:end_portal_frame"
        },
        "frame": "task",
        "show_toast": true,
        "announce_to_chat": true,
        "hidden": false
    },
    "criteria": {
        "1": {
            "trigger": "minecraft:impossible"
        }
    },
    "parent": "adventure:root"
}