{
    "__comment": "Made with TheDestruc7i0n's advancements generator: https://advancements.thedestruc7i0n.ca",
    "display": {
        "title": {
            "text": "Conservative",
            "color": "gold"
        },
        "description": {
            "text": "Complete level 1 in under 100 jumps"
        },
        "icon": {
            "item": "minecraft:leather_boots"
        },
        "frame": "challenge",
        "show_toast": true,
        "announce_to_chat": true,
        "hidden": false
    },
    "criteria": {
        "1": {
            "trigger": "minecraft:impossible"
        }
    },
    "parent": "adventure:1level"
}