{
    "__comment": "Made with TheDestruc7i0n's advancements generator: https://advancements.thedestruc7i0n.ca",
    "display": {
        "title": {
            "text": "Hacker",
            "color": "gold"
        },
        "description": {
            "text": "Turn on the water valve without using the note"
        },
        "icon": {
            "item": "minecraft:command_block"
        },
        "frame": "goal",
        "show_toast": true,
        "announce_to_chat": true,
        "hidden": true
    },
    "criteria": {
        "1": {
            "trigger": "minecraft:impossible"
        }
    },
    "parent": "adventure:root"
}