{
    "__comment": "Made with TheDestruc7i0n's advancements generator: https://advancements.thedestruc7i0n.ca",
    "display": {
        "title": {
            "text": "Level 1",
            "color": "white"
        },
        "description": {
            "text": "Fall of the bridge"
        },
        "icon": {
            "item": "minecraft:music_disc_11"
        },
        "frame": "task",
        "show_toast": true,
        "announce_to_chat": true,
        "hidden": false,
        "background": "minecraft:textures/gui/advancements/backgrounds/stone.png"
    },
    "criteria": {
        "1": {
            "trigger": "minecraft:impossible"
        }
    }
}