{"stats":{"minecraft:dropped":{"minecraft:repeating_command_block":1,"minecraft:barrier":1,"minecraft:command_block":1},"minecraft:used":{"minecraft:lever":1,"minecraft:black_wool":3,"minecraft:firework_rocket":9,"minecraft:light_gray_stained_glass":45,"minecraft:command_block":475,"minecraft:slime_block":63,"minecraft:ladder":2,"minecraft:barrier":559,"minecraft:oak_planks":1,"minecraft:oak_button":5,"minecraft:armor_stand":2,"minecraft:netherite_axe":2,"minecraft:redstone":6,"minecraft:pig_spawn_egg":35,"minecraft:stone_button":13,"minecraft:oak_sign":11,"minecraft:magenta_concrete":6,"minecraft:stone":1095,"minecraft:spruce_trapdoor":3,"minecraft:redstone_block":56,"minecraft:warped_sign":1,"minecraft:crimson_planks":40,"minecraft:bedrock":1153,"minecraft:white_wool":3,"minecraft:diamond_block":1,"minecraft:light_blue_concrete":7,"minecraft:iron_trapdoor":4,"minecraft:crafting_table":2,"minecraft:crimson_trapdoor":174,"minecraft:chain_command_block":43,"minecraft:repeating_command_block":346,"minecraft:note_block":1,"minecraft:shulker_spawn_egg":1,"minecraft:white_concrete":82,"minecraft:spruce_log":484},"minecraft:custom":{"minecraft:time_since_rest":427923,"minecraft:sprint_one_cm":716119,"minecraft:damage_taken":1800,"minecraft:walk_one_cm":822182,"minecraft:mob_kills":6,"minecraft:drop":3,"minecraft:damage_dealt":894,"minecraft:interact_with_crafting_table":2,"minecraft:tune_noteblock":3,"minecraft:fly_one_cm":6515963,"minecraft:crouch_one_cm":181031,"minecraft:play_one_minute":825941,"minecraft:deaths":106,"minecraft:sneak_time":57797,"minecraft:jump":6635,"minecraft:leave_game":16,"minecraft:time_since_death":427923,"minecraft:climb_one_cm":962,"minecraft:damage_resisted":12830,"minecraft:fall_one_cm":603584},"minecraft:killed":{"minecraft:shulker":3},"minecraft:crafted":{"minecraft:firework_star":128,"minecraft:firework_rocket":384},"minecraft:picked_up":{"minecraft:shulker_shell":1,"minecraft:light_blue_concrete":1,"minecraft:stone":1,"minecraft:ladder":1,"minecraft:crimson_trapdoor":1,"minecraft:porkchop":39,"minecraft:stone_button":2,"minecraft:crimson_planks":1,"minecraft:spruce_log":1,"minecraft:repeating_command_block":3,"minecraft:command_block":64,"minecraft:magenta_concrete":1}},"DataVersion":2586}