{
  "pools": [
    {
      "rolls": {
        "min": 3,
        "max": 4
      },
      "entries": [
        {
          "type": "item",
          "name": "minecraft:flint",
          "weight": 8,
          "functions": [
            {
              "function": "set_count",
              "count": {
                "min": 1,
                "max": 6
              }
            }
          ]
        },
        {
          "type": "item",
          "name": "minecraft:iron_boots",
          "weight": 3,
          "functions": [
            {
              "function": "set_nbt",
              "tag": "{display:{Lore:[\"Example\"]},display:{Lore:[\"\\\"+2 Jump strength\\\"\"]},Tags:[\"jump\"]}"
            }
          ]
        },
        {
          "type": "item",
          "name": "minecraft:stick",
          "weight": 15,
          "functions": [
            {
              "function": "set_count",
              "count": {
                "min": 1,
                "max": 1
              }
            }
          ]
        },
        {
          "type": "item",
          "name": "minecraft:cobweb",
          "weight": 7,
          "functions": [
            {
              "function": "set_count",
              "count": {
                "min": 1,
                "max": 1
              }
            }
          ]
        },
            {
          "type": "item",
          "name": "minecraft:diamond_boots",
          "weight": 1,
          "functions": [
            {
              "function": "set_nbt",
              "tag": "{display:{Lore:[\"Example\"]},display:{Lore:[\"\\\"+2 Jump strength\\\"\"]},Tags:[\"jump\"]}"
            }
          ]
        }
      ]
    }
  ]
}