{
  "minecraft:recipes/misc/charcoal": {
    "criteria": {
      "has_log": "2022-02-19 21:23:16 -0500"
    },
    "done": true
  },
  "adventure:conservative": {
    "criteria": {
      "1": "2022-02-19 21:25:26 -0500"
    },
    "done": true
  },
  "adventure:root": {
    "criteria": {
      "1": "2022-02-19 21:22:49 -0500"
    },
    "done": true
  },
  "minecraft:recipes/building_blocks/oak_planks": {
    "criteria": {
      "has_logs": "2022-02-19 21:23:16 -0500"
    },
    "done": true
  },
  "adventure:hacker": {
    "criteria": {
      "1": "2022-02-19 21:24:06 -0500"
    },
    "done": true
  },
  "minecraft:recipes/building_blocks/oak_wood": {
    "criteria": {
      "has_log": "2022-02-19 21:23:16 -0500"
    },
    "done": true
  },
  "minecraft:adventure/adventuring_time": {
    "criteria": {
      "minecraft:plains": "2022-02-19 21:22:33 -0500"
    },
    "done": false
  },
  "adventure:1level": {
    "criteria": {
      "1": "2022-02-19 21:24:37 -0500"
    },
    "done": true
  },
  "DataVersion": 2865
}