{"stats":{"minecraft:dropped":{"minecraft:bone":1},"minecraft:custom":{"minecraft:time_since_rest":76964,"minecraft:crouch_one_cm":51658,"minecraft:play_one_minute":96303,"minecraft:sprint_one_cm":107522,"minecraft:deaths":1,"minecraft:damage_taken":320,"minecraft:walk_one_cm":251749,"minecraft:sneak_time":14489,"minecraft:mob_kills":7,"minecraft:drop":1,"minecraft:jump":987,"minecraft:damage_dealt":1995,"minecraft:leave_game":2,"minecraft:time_since_death":76963,"minecraft:climb_one_cm":208,"minecraft:damage_resisted":6835,"minecraft:fall_one_cm":233379,"minecraft:fly_one_cm":483956},"minecraft:killed":{"minecraft:shulker":6},"minecraft:picked_up":{"minecraft:command_block":1,"minecraft:porkchop":54},"minecraft:used":{"minecraft:bedrock":55,"minecraft:diamond_sword":54,"minecraft:command_block":34,"minecraft:armor_stand":3,"minecraft:barrier":2,"minecraft:pig_spawn_egg":9,"minecraft:stone":27,"minecraft:spruce_log":4}},"DataVersion":2584}